path,category,holder_or_author,license_status,evidence,encoding_read_method,sha256_at_inspection,primary_context_url
firmware/stm32/Core/Inc/autocal.h,custom candidate; ownership unconfirmed,Unconfirmed,No explicit license notice found; do not assume project ownership,No explicit copyright/license/source notice found by text inventory; owner confirmation pending,GB18030-compatible; original legacy encoding not independently established,2bdacc71209d6276ef321962a244276f16f96c9120f5361a42957d0514e4b174,
firmware/stm32/Core/Inc/bmi088.h,third-party Bosch Sensor API,Bosch Sensortec GmbH,BSD-3-Clause notice retained,Copyright (c) 2020 and full BSD-3-Clause file header; version 1.4.4,UTF-8-compatible,3e86fdf5c0dc252916b35a4cc523209e110f315703701fa83f0c3de16fc8285f,
firmware/stm32/Core/Inc/bmi08x.h,third-party Bosch Sensor API,Bosch Sensortec GmbH,BSD-3-Clause notice retained,Copyright (c) 2020 and full BSD-3-Clause file header; version 1.4.4,UTF-8-compatible,a44e720fdbcf66ee6ce91b61c6fc5646328499d004f7143a3ca9f656ef57f227,
firmware/stm32/Core/Inc/bmi08x_defs.h,third-party Bosch Sensor API,Bosch Sensortec GmbH,BSD-3-Clause notice retained,Copyright (c) 2020 and full BSD-3-Clause file header; version 1.4.4,UTF-8-compatible,cb82e3b9414c24581f5d48d4dc8f4132a76aa18202d93679b6f1606e4a8acab2,
firmware/stm32/Core/Inc/dma.h,ST-header-bearing generated/template file; additions may be mixed,STMicroelectronics for noticed portions; additions unconfirmed,Existing ST header preserved; project-owner license cannot replace it,ST copyright header references component root LICENSE and AS-IS fallback; user additions require scope confirmation,UTF-8-compatible,4800df9bb60edf45f266a060814fd4199270adcfe90c635f4a3d1d3fa10b4f3a,
firmware/stm32/Core/Inc/fusion_mahony.h,owner-confirmed independent implementation,Project owner; display name not supplied,Pending owner license choice,Owner stated 独立编写 on 2026-10-08; no copyright/license/source notice found in file,GB18030-compatible; original legacy encoding not independently established,c871f6fb94d454cccebd32fd2042839c0494739769f4fdcfab22d9d38111e6e9,https://researchportalplus.anu.edu.au/en/publications/nonlinear-complementary-filters-on-the-special-orthogonal-group/
firmware/stm32/Core/Inc/gpio.h,ST-header-bearing generated/template file; additions may be mixed,STMicroelectronics for noticed portions; additions unconfirmed,Existing ST header preserved; project-owner license cannot replace it,ST copyright header references component root LICENSE and AS-IS fallback; user additions require scope confirmation,UTF-8-compatible,92b391aae985f5b7b6fcbfc37daf922842a683a44045b4d55712007e860ec0ef,
firmware/stm32/Core/Inc/imu_bmi088_bus.h,custom candidate; ownership unconfirmed,Unconfirmed,No explicit license notice found; do not assume project ownership,No explicit copyright/license/source notice found by text inventory; owner confirmation pending,GB18030-compatible; original legacy encoding not independently established,d255b050118c1ed842d8c96af1ade9770f5b37852fb471b55c2d593e793839c9,
firmware/stm32/Core/Inc/imu_bmi088_frontend.h,custom candidate; ownership unconfirmed,Unconfirmed,No explicit license notice found; do not assume project ownership,No explicit copyright/license/source notice found by text inventory; owner confirmation pending,GB18030-compatible; original legacy encoding not independently established,49ef6a93eb7e45014430be89bbb6bf38934fd7028033708465f7b595c0d459a4,
firmware/stm32/Core/Inc/imu_bringup.h,custom candidate; ownership unconfirmed,Unconfirmed,No explicit license notice found; do not assume project ownership,No explicit copyright/license/source notice found by text inventory; owner confirmation pending,GB18030-compatible; original legacy encoding not independently established,80076f1b3c7fbaceadbbf542f7189f62a697e99b796440e85936b62a759a64dd,
firmware/stm32/Core/Inc/imu_bus_hal.h,custom candidate; ownership unconfirmed,Unconfirmed,No explicit license notice found; do not assume project ownership,No explicit copyright/license/source notice found by text inventory; owner confirmation pending,GB18030-compatible; original legacy encoding not independently established,d16f793a6cc0a5e3dae6b66c36fd8bb0784db2614125c45f38d618c59088ba02,
firmware/stm32/Core/Inc/log_uart.h,custom candidate; ownership unconfirmed,Unconfirmed,No explicit license notice found; do not assume project ownership,No explicit copyright/license/source notice found by text inventory; owner confirmation pending,GB18030-compatible; original legacy encoding not independently established,4512811ee2d4ec01b944ae24cd6c583c943214125c1739628b8e5ef019d3e96a,
firmware/stm32/Core/Inc/main.h,ST-header-bearing generated/template file; additions may be mixed,STMicroelectronics for noticed portions; additions unconfirmed,Existing ST header preserved; project-owner license cannot replace it,ST copyright header references component root LICENSE and AS-IS fallback; user additions require scope confirmation,UTF-8-compatible,97b1baa60c0cd9d6980523ff3b189c1215ec3c7770dda75690a718adadaa46ce,
firmware/stm32/Core/Inc/mixer.h,custom candidate; ownership unconfirmed,Unconfirmed,No explicit license notice found; do not assume project ownership,No explicit copyright/license/source notice found by text inventory; owner confirmation pending,GB18030-compatible; original legacy encoding not independently established,f6ac741a2cbb71ed38e1fb73e1d56b7cf87ec727907689d51a8c387577887a62,
firmware/stm32/Core/Inc/motors.h,custom candidate; ownership unconfirmed,Unconfirmed,No explicit license notice found; do not assume project ownership,No explicit copyright/license/source notice found by text inventory; owner confirmation pending,GB18030-compatible; original legacy encoding not independently established,13ef255e31d65d7c02a2f284188659c4068f2055494a42a5066a3804ae88a180,
firmware/stm32/Core/Inc/ms5611.h,owner-confirmed independent implementation,Project owner; display name not supplied,Pending owner license choice,Owner stated 独立编写 on 2026-10-08; no copyright/license/source notice found in file,GB18030-compatible; original legacy encoding not independently established,a4caf568314673c21bbf9c59f5ea97f3e38635277f085f1dd5dd2eae28ccfb14,
firmware/stm32/Core/Inc/pipeline.h,custom candidate; ownership unconfirmed,Unconfirmed,No explicit license notice found; do not assume project ownership,No explicit copyright/license/source notice found by text inventory; owner confirmation pending,UTF-8-compatible,d72827db13a7e2343f2075a8fda188e639a8c859956cfd16bebd507e9d934d57,
firmware/stm32/Core/Inc/ringbuf_spsc.h,custom candidate; ownership unconfirmed,Unconfirmed,No explicit license notice found; do not assume project ownership,No explicit copyright/license/source notice found by text inventory; owner confirmation pending,UTF-8-compatible,d4002abc396afbbc7eebb32b59a962fc12a5e16c2747d3a3a1768088783c896e,
firmware/stm32/Core/Inc/sbus.h,custom candidate; ownership unconfirmed,Unconfirmed,No explicit license notice found; do not assume project ownership,No explicit copyright/license/source notice found by text inventory; owner confirmation pending,GB18030-compatible; original legacy encoding not independently established,fe9f87af3eccd67d5fb4bcfd193ce8384b2b93aa4aa336dbc3b36857baca1c3e,
firmware/stm32/Core/Inc/spi.h,ST-header-bearing generated/template file; additions may be mixed,STMicroelectronics for noticed portions; additions unconfirmed,Existing ST header preserved; project-owner license cannot replace it,ST copyright header references component root LICENSE and AS-IS fallback; user additions require scope confirmation,UTF-8-compatible,89527b784396c7765811807ab33d7e331c4c3e92145ff03982c41b2580d97777,
firmware/stm32/Core/Inc/stm32f4xx_hal_conf.h,ST-header-bearing generated/template file; additions may be mixed,STMicroelectronics for noticed portions; additions unconfirmed,Existing ST header preserved; project-owner license cannot replace it,ST copyright header references component root LICENSE and AS-IS fallback; user additions require scope confirmation,UTF-8-compatible,9b99d741b891eff5c3492726e18d30d460226c4c6c3370664d79d809fcd61318,
firmware/stm32/Core/Inc/stm32f4xx_it.h,ST-header-bearing generated/template file; additions may be mixed,STMicroelectronics for noticed portions; additions unconfirmed,Existing ST header preserved; project-owner license cannot replace it,ST copyright header references component root LICENSE and AS-IS fallback; user additions require scope confirmation,UTF-8-compatible,8727bfe39a0bdd6fe0f12cf17e2891c7b4bf008a1ebf4a5e1929e35b608e39a1,
firmware/stm32/Core/Inc/sync_pair.h,custom candidate; ownership unconfirmed,Unconfirmed,No explicit license notice found; do not assume project ownership,No explicit copyright/license/source notice found by text inventory; owner confirmation pending,GB18030-compatible; original legacy encoding not independently established,03c05c4731b1329f1a15d56fe0210cb337f99b829572bee00051ce3a422ee079,
firmware/stm32/Core/Inc/tim.h,ST-header-bearing generated/template file; additions may be mixed,STMicroelectronics for noticed portions; additions unconfirmed,Existing ST header preserved; project-owner license cannot replace it,ST copyright header references component root LICENSE and AS-IS fallback; user additions require scope confirmation,UTF-8-compatible,d4cd4b31ea6ff8c76444f42d78822a0dd7c21acd1cc84bc7e3893c3d7a3417e0,
firmware/stm32/Core/Inc/timebase.h,custom candidate; ownership unconfirmed,Unconfirmed,No explicit license notice found; do not assume project ownership,No explicit copyright/license/source notice found by text inventory; owner confirmation pending,UTF-8-compatible,761cf12437963b76dde1ad926ddcdb57a96a0b62e6c36e021608f685d45fdead,
firmware/stm32/Core/Inc/usart.h,ST-header-bearing generated/template file; additions may be mixed,STMicroelectronics for noticed portions; additions unconfirmed,Existing ST header preserved; project-owner license cannot replace it,ST copyright header references component root LICENSE and AS-IS fallback; user additions require scope confirmation,UTF-8-compatible,544cc4ec7d7580af880822ecbadabc9ba88e02533236c2423abdfb71c1fc9325,
firmware/stm32/Core/Src/autocal.c,custom candidate; ownership unconfirmed,Unconfirmed,No explicit license notice found; do not assume project ownership,No explicit copyright/license/source notice found by text inventory; owner confirmation pending,GB18030-compatible; original legacy encoding not independently established,d5187d301e921abd212416a9edfce43c62ba2e54d21ced7d9f97f3aeff6d90ba,
firmware/stm32/Core/Src/bmi088.c,third-party Bosch Sensor API,Bosch Sensortec GmbH,BSD-3-Clause notice retained,Copyright (c) 2020 and full BSD-3-Clause file header; version 1.4.4,UTF-8-compatible,944ba743593d8112df7bfd52cb36454bcaf0e56345ec5c07af098f8a9fdeb95a,
firmware/stm32/Core/Src/bmi08a.c,third-party Bosch Sensor API,Bosch Sensortec GmbH,BSD-3-Clause notice retained,Copyright (c) 2020 and full BSD-3-Clause file header; version 1.4.4,UTF-8-compatible,d80d39ad3e54df98c487b78a6e76d15f9f3fb0409f79c2333a2aa98d9d3e5bb2,
firmware/stm32/Core/Src/bmi08g.c,third-party Bosch Sensor API,Bosch Sensortec GmbH,BSD-3-Clause notice retained,Copyright (c) 2020 and full BSD-3-Clause file header; version 1.4.4,UTF-8-compatible,0411b6ee667e1c3abb094df6c1e50d694de435cb3464ff793e48e27fb5f8f7bd,
firmware/stm32/Core/Src/dma.c,ST-header-bearing generated/template file; additions may be mixed,STMicroelectronics for noticed portions; additions unconfirmed,Existing ST header preserved; project-owner license cannot replace it,ST copyright header references component root LICENSE and AS-IS fallback; user additions require scope confirmation,UTF-8-compatible,089c15a174e303807a50665fb62f2b5159257ccf8eec408c8b32f26748c5bd9f,
firmware/stm32/Core/Src/fusion_mahony.c,owner-confirmed independent implementation,Project owner; display name not supplied,Pending owner license choice,Owner stated 独立编写 on 2026-10-08; no copyright/license/source notice found in file,GB18030-compatible; original legacy encoding not independently established,78d31d41af1906c8cfcc87453953691b00b58fa7f6c5f71be92b41073a53b3d8,https://researchportalplus.anu.edu.au/en/publications/nonlinear-complementary-filters-on-the-special-orthogonal-group/
firmware/stm32/Core/Src/gpio.c,ST-header-bearing generated/template file; additions may be mixed,STMicroelectronics for noticed portions; additions unconfirmed,Existing ST header preserved; project-owner license cannot replace it,ST copyright header references component root LICENSE and AS-IS fallback; user additions require scope confirmation,UTF-8-compatible,7facde9e3286d1df4b180cf95ee78651505274792f3a1b223da97cf386506d34,
firmware/stm32/Core/Src/imu_bmi088_bus.c,custom candidate; ownership unconfirmed,Unconfirmed,No explicit license notice found; do not assume project ownership,No explicit copyright/license/source notice found by text inventory; owner confirmation pending,GB18030-compatible; original legacy encoding not independently established,35a26bea1d9bf26bd1a04c7330027134cbeaf4fe7a41668dc8d599df0020e203,
firmware/stm32/Core/Src/imu_bmi088_frontend.c,custom candidate; ownership unconfirmed,Unconfirmed,No explicit license notice found; do not assume project ownership,No explicit copyright/license/source notice found by text inventory; owner confirmation pending,GB18030-compatible; original legacy encoding not independently established,4eca71725482f8980ff7a34e7060fc11034ab76276aa8fa2a5a930e4b4af8fe8,
firmware/stm32/Core/Src/imu_bringup.c,custom candidate; ownership unconfirmed,Unconfirmed,No explicit license notice found; do not assume project ownership,No explicit copyright/license/source notice found by text inventory; owner confirmation pending,GB18030-compatible; original legacy encoding not independently established,c035a902736943bd03c1a5111d1940377b433af0ff61edf952388b42164fc389,
firmware/stm32/Core/Src/imu_bus_hal.c,custom candidate; ownership unconfirmed,Unconfirmed,No explicit license notice found; do not assume project ownership,No explicit copyright/license/source notice found by text inventory; owner confirmation pending,GB18030-compatible; original legacy encoding not independently established,8e0a333839359a4d489551b452cbf063b870a1df85a5c7db24fd67e7322587a7,
firmware/stm32/Core/Src/log_uart.c,custom candidate; ownership unconfirmed,Unconfirmed,No explicit license notice found; do not assume project ownership,No explicit copyright/license/source notice found by text inventory; owner confirmation pending,GB18030-compatible; original legacy encoding not independently established,ed61009bee02bb0e430bfdd2ad968153a205aed5859bf6ab3adf7becf2f52d41,
firmware/stm32/Core/Src/main.c,ST-header-bearing generated/template file; additions may be mixed,STMicroelectronics for noticed portions; additions unconfirmed,Existing ST header preserved; project-owner license cannot replace it,ST copyright header references component root LICENSE and AS-IS fallback; user additions require scope confirmation,UTF-8-compatible,e51823f6a89b721dd4999e9d15631e7b0f687f8c1a8433d48e7fb0dfe1701ab8,
firmware/stm32/Core/Src/mixer.c,custom candidate; ownership unconfirmed,Unconfirmed,No explicit license notice found; do not assume project ownership,No explicit copyright/license/source notice found by text inventory; owner confirmation pending,GB18030-compatible; original legacy encoding not independently established,4dbe60912f012c6e7a97485da1346c7da54cf8fabd738786d5e6bb3916005e23,
firmware/stm32/Core/Src/motors.c,custom candidate; ownership unconfirmed,Unconfirmed,No explicit license notice found; do not assume project ownership,No explicit copyright/license/source notice found by text inventory; owner confirmation pending,GB18030-compatible; original legacy encoding not independently established,63a04c7d72b554e5cb5b98444f9ca5bf47d5990c078c3c2322ddc15ec3518fa9,
firmware/stm32/Core/Src/ms5611.c,owner-confirmed independent implementation,Project owner; display name not supplied,Pending owner license choice,Owner stated 独立编写 on 2026-10-08; no copyright/license/source notice found in file,GB18030-compatible; original legacy encoding not independently established,a7a546668de6c98337f1af900bf8d4df1225cc3dddcaf58398888c2e48c0f625,
firmware/stm32/Core/Src/pipeline.c,custom candidate; ownership unconfirmed,Unconfirmed,No explicit license notice found; do not assume project ownership,No explicit copyright/license/source notice found by text inventory; owner confirmation pending,UTF-8-compatible,4ebcd86dfe6c8fdb6f0f7ef64939c8465be579b5c8288728ec756ff3203b1375,
firmware/stm32/Core/Src/ringbuf_spsc.c,custom candidate; ownership unconfirmed,Unconfirmed,No explicit license notice found; do not assume project ownership,No explicit copyright/license/source notice found by text inventory; owner confirmation pending,UTF-8-compatible,0a350df3ffe6a92cef0669859967090f8339a9fe78098c028317dd27585d5da7,
firmware/stm32/Core/Src/sbus.c,custom candidate; ownership unconfirmed,Unconfirmed,No explicit license notice found; do not assume project ownership,No explicit copyright/license/source notice found by text inventory; owner confirmation pending,GB18030-compatible; original legacy encoding not independently established,998ea26736ce0c49c724e8938d488d0a195a94ec882e0b9cce7f33121212fcfd,
firmware/stm32/Core/Src/spi.c,ST-header-bearing generated/template file; additions may be mixed,STMicroelectronics for noticed portions; additions unconfirmed,Existing ST header preserved; project-owner license cannot replace it,ST copyright header references component root LICENSE and AS-IS fallback; user additions require scope confirmation,UTF-8-compatible,056d97aec58cc30912ac63bc875b592972fb5629092adb8a1610413dc4d6fab5,
firmware/stm32/Core/Src/stm32f4xx_hal_msp.c,ST-header-bearing generated/template file; additions may be mixed,STMicroelectronics for noticed portions; additions unconfirmed,Existing ST header preserved; project-owner license cannot replace it,ST copyright header references component root LICENSE and AS-IS fallback; user additions require scope confirmation,UTF-8-compatible,73d99d74f80ad4b260de49292ac4eb05ad868384824effec96944cd700f7a1e3,
firmware/stm32/Core/Src/stm32f4xx_it.c,ST-header-bearing generated/template file; additions may be mixed,STMicroelectronics for noticed portions; additions unconfirmed,Existing ST header preserved; project-owner license cannot replace it,ST copyright header references component root LICENSE and AS-IS fallback; user additions require scope confirmation,UTF-8-compatible,835408bb09bd0ba4da12f52726fb7997fb3adf01961f7d4a6281ce0a850caef5,
firmware/stm32/Core/Src/sync_pair.c,custom candidate; ownership unconfirmed,Unconfirmed,No explicit license notice found; do not assume project ownership,No explicit copyright/license/source notice found by text inventory; owner confirmation pending,GB18030-compatible; original legacy encoding not independently established,930efc05caa16929d8efcc200551996e105f9c6f58e7fef5d365f6a5b75f5511,
firmware/stm32/Core/Src/system_stm32f4xx.c,ST-header-bearing generated/template file; additions may be mixed,STMicroelectronics for noticed portions; additions unconfirmed,Existing ST header preserved; project-owner license cannot replace it,ST copyright header references component root LICENSE and AS-IS fallback; user additions require scope confirmation,UTF-8-compatible,a31929eab936ac98db060c18917118acf79dc96e1f03ed4b57d614535dd06d70,
firmware/stm32/Core/Src/tim.c,ST-header-bearing generated/template file; additions may be mixed,STMicroelectronics for noticed portions; additions unconfirmed,Existing ST header preserved; project-owner license cannot replace it,ST copyright header references component root LICENSE and AS-IS fallback; user additions require scope confirmation,UTF-8-compatible,cf4e8d88f5f2629df257ce10767d40ce1d24f1039e109bc946414d3477036502,
firmware/stm32/Core/Src/timebase.c,custom candidate; ownership unconfirmed,Unconfirmed,No explicit license notice found; do not assume project ownership,No explicit copyright/license/source notice found by text inventory; owner confirmation pending,GB18030-compatible; original legacy encoding not independently established,174589fa1399b03c2e8e2aab2cd13075cb1155a5806e3ea47a3917b19227f570,
firmware/stm32/Core/Src/usart.c,ST-header-bearing generated/template file; additions may be mixed,STMicroelectronics for noticed portions; additions unconfirmed,Existing ST header preserved; project-owner license cannot replace it,ST copyright header references component root LICENSE and AS-IS fallback; user additions require scope confirmation,UTF-8-compatible,01d264cb0c07b4548a1e7b9ac878aaa91a033d34b2e6590cc6d98ed508a6f0f9,
firmware/stm32/FlightController/fc_cfg/fc_cfg.h,custom candidate; ownership unconfirmed,Unconfirmed,No explicit license notice found; do not assume project ownership,No explicit copyright/license/source notice found by text inventory; owner confirmation pending,GB18030-compatible; original legacy encoding not independently established,ff0177a4204b415158a70caf79401d7fadcb636e311b5f7559ebd4f42edfff42,
firmware/stm32/FlightController/fc_control/fc_alt_hold.c,custom candidate; ownership unconfirmed,Unconfirmed,No explicit license notice found; do not assume project ownership,No explicit copyright/license/source notice found by text inventory; owner confirmation pending,UTF-8-compatible,bbe5eea1d183272d3811ec89d33be63ac9736a0fdc7ea2822b3cada7505143ff,
firmware/stm32/FlightController/fc_control/fc_alt_hold.h,custom candidate; ownership unconfirmed,Unconfirmed,No explicit license notice found; do not assume project ownership,No explicit copyright/license/source notice found by text inventory; owner confirmation pending,UTF-8-compatible,308f011e4099838b68ad4d00d4752c582190d2665c8546fe291ff5f5348aab80,
firmware/stm32/FlightController/fc_control/fc_angle.c,custom candidate; ownership unconfirmed,Unconfirmed,No explicit license notice found; do not assume project ownership,No explicit copyright/license/source notice found by text inventory; owner confirmation pending,UTF-8-compatible,adf9faa806b90e759b640ec1eaf3c245d89481e7e0eded9c4c1b9dc6bc6296b3,
firmware/stm32/FlightController/fc_control/fc_angle.h,custom candidate; ownership unconfirmed,Unconfirmed,No explicit license notice found; do not assume project ownership,No explicit copyright/license/source notice found by text inventory; owner confirmation pending,UTF-8-compatible,ac0335fd290b97397bc1c731b64a74b2b6e114c7339cf1cdbc9c482d8a3603d9,
firmware/stm32/FlightController/fc_control/fc_control.c,custom candidate; ownership unconfirmed,Unconfirmed,No explicit license notice found; do not assume project ownership,No explicit copyright/license/source notice found by text inventory; owner confirmation pending,GB18030-compatible; original legacy encoding not independently established,8cafb25001dfa4144b6d3412368fe70d26258c76e9bedeb77a37194c0d957494,
firmware/stm32/FlightController/fc_control/fc_control.h,custom candidate; ownership unconfirmed,Unconfirmed,No explicit license notice found; do not assume project ownership,No explicit copyright/license/source notice found by text inventory; owner confirmation pending,UTF-8-compatible,0806fc226802b70a1aa1d23c01f3f162d1784a3a5392409a6de53d6da02ebf0f,
firmware/stm32/FlightController/fc_control/fc_mode.c,custom candidate; ownership unconfirmed,Unconfirmed,No explicit license notice found; do not assume project ownership,No explicit copyright/license/source notice found by text inventory; owner confirmation pending,GB18030-compatible; original legacy encoding not independently established,2708a133d876930871a1b6a83b127acee640a997d825021a50eaef0d24d3fbd8,
firmware/stm32/FlightController/fc_control/fc_mode.h,custom candidate; ownership unconfirmed,Unconfirmed,No explicit license notice found; do not assume project ownership,No explicit copyright/license/source notice found by text inventory; owner confirmation pending,UTF-8-compatible,362baffd094f8579aa149b7eb9dff1ee70e52ef4066fc5ea2f6faf9e08478a2c,
firmware/stm32/FlightController/fc_control/fc_rate.c,custom candidate; ownership unconfirmed,Unconfirmed,No explicit license notice found; do not assume project ownership,No explicit copyright/license/source notice found by text inventory; owner confirmation pending,UTF-8-compatible,eb18d346a3150926e7edd09ef489745ffaf0475ffb06436c18796e9bdd1aa38a,
firmware/stm32/FlightController/fc_control/fc_rate.h,custom candidate; ownership unconfirmed,Unconfirmed,No explicit license notice found; do not assume project ownership,No explicit copyright/license/source notice found by text inventory; owner confirmation pending,UTF-8-compatible,ee6cb55feeab94e77548847ad802e1b70b279c3fb9b388f5ebfcd6b47e42c8b8,
firmware/stm32/FlightController/fc_control/fc_throttle.c,custom candidate; ownership unconfirmed,Unconfirmed,No explicit license notice found; do not assume project ownership,No explicit copyright/license/source notice found by text inventory; owner confirmation pending,GB18030-compatible; original legacy encoding not independently established,1305dbeb036f2d138729cf8d37661ce7d2e63bcba33db91e67f47cd302226be2,
firmware/stm32/FlightController/fc_control/fc_throttle.h,custom candidate; ownership unconfirmed,Unconfirmed,No explicit license notice found; do not assume project ownership,No explicit copyright/license/source notice found by text inventory; owner confirmation pending,UTF-8-compatible,ecf96851077335c8fe9bc15262f02ad8bc1473d047f4543ad2ced3291e105fdc,
firmware/stm32/FlightController/fc_control/fc_yaw.c,custom candidate; ownership unconfirmed,Unconfirmed,No explicit license notice found; do not assume project ownership,No explicit copyright/license/source notice found by text inventory; owner confirmation pending,UTF-8-compatible,6bf32f51f99ad936f65022ce341608ee2ade104296d0484cb1cee2ba1d9b0ee1,
firmware/stm32/FlightController/fc_control/fc_yaw.h,custom candidate; ownership unconfirmed,Unconfirmed,No explicit license notice found; do not assume project ownership,No explicit copyright/license/source notice found by text inventory; owner confirmation pending,UTF-8-compatible,8079113e0c068db4844578ea2e61dcf2b125796ced23865c986332b4ed45d14a,
firmware/stm32/FlightController/fc_core/fc_context.h,custom candidate; ownership unconfirmed,Unconfirmed,No explicit license notice found; do not assume project ownership,No explicit copyright/license/source notice found by text inventory; owner confirmation pending,GB18030-compatible; original legacy encoding not independently established,d8573508b2c848e9503b45a16df7a6493fd017e05b5c719e1dc22033fb03d8bd,
firmware/stm32/FlightController/fc_core/fc_core.c,custom candidate; ownership unconfirmed,Unconfirmed,No explicit license notice found; do not assume project ownership,No explicit copyright/license/source notice found by text inventory; owner confirmation pending,GB18030-compatible; original legacy encoding not independently established,07085cc01161f0de90225a0180d9ad02e1a14b980988692a2ea62d2e2c4408ca,
firmware/stm32/FlightController/fc_core/fc_core.h,custom candidate; ownership unconfirmed,Unconfirmed,No explicit license notice found; do not assume project ownership,No explicit copyright/license/source notice found by text inventory; owner confirmation pending,UTF-8-compatible,66508018db254867534a053b69fc00d090b1d4fd15c1863737295414218a2e6b,
firmware/stm32/FlightController/fc_core/fc_time.c,custom candidate; ownership unconfirmed,Unconfirmed,No explicit license notice found; do not assume project ownership,No explicit copyright/license/source notice found by text inventory; owner confirmation pending,GB18030-compatible; original legacy encoding not independently established,6976b16f34bfabd873e6eb5cb5e20f04a6bbea6af389494e61b7d4b08632b923,
firmware/stm32/FlightController/fc_core/fc_time.h,custom candidate; ownership unconfirmed,Unconfirmed,No explicit license notice found; do not assume project ownership,No explicit copyright/license/source notice found by text inventory; owner confirmation pending,GB18030-compatible; original legacy encoding not independently established,04429a1766773c455d6ef5308208fed6ab142242a0294576625b848280746ea6,
firmware/stm32/FlightController/fc_core/fc_types.h,custom candidate; ownership unconfirmed,Unconfirmed,No explicit license notice found; do not assume project ownership,No explicit copyright/license/source notice found by text inventory; owner confirmation pending,UTF-8-compatible,1bf11c76449b75c34ab902ea7627a766d7f987a91b1069e8179692f24e68c91b,
firmware/stm32/FlightController/fc_core/fc_util.h,custom candidate; ownership unconfirmed,Unconfirmed,No explicit license notice found; do not assume project ownership,No explicit copyright/license/source notice found by text inventory; owner confirmation pending,UTF-8-compatible,8d80e728fc7eff212ba23ad9e64585cc5601aec2811703584427667c9f3f9fef,
firmware/stm32/FlightController/fc_estimator/fc_att.c,custom candidate; ownership unconfirmed,Unconfirmed,No explicit license notice found; do not assume project ownership,No explicit copyright/license/source notice found by text inventory; owner confirmation pending,GB18030-compatible; original legacy encoding not independently established,95f903afcfbdbcf9a64fd3ff28bc9de8d19b4f5dfee42e036c659f545ffa7691,
firmware/stm32/FlightController/fc_estimator/fc_att.h,custom candidate; ownership unconfirmed,Unconfirmed,No explicit license notice found; do not assume project ownership,No explicit copyright/license/source notice found by text inventory; owner confirmation pending,GB18030-compatible; original legacy encoding not independently established,04a3931d4fd7809232de3d7c8c506fd47584e7b7a2e248073ce30f4cd8abd5e8,
firmware/stm32/FlightController/fc_estimator/fc_baro.c,custom candidate; ownership unconfirmed,Unconfirmed,No explicit license notice found; do not assume project ownership,No explicit copyright/license/source notice found by text inventory; owner confirmation pending,UTF-8-compatible,0e97698a9d1286a6b006abaaf7799cd49dd72b96e38ddccd42a0eb2f55f5423d,
firmware/stm32/FlightController/fc_estimator/fc_baro.h,custom candidate; ownership unconfirmed,Unconfirmed,No explicit license notice found; do not assume project ownership,No explicit copyright/license/source notice found by text inventory; owner confirmation pending,UTF-8-compatible,d51c8cdf987a2c1550beaa245bb230a45035e98e704e41e2ac6bde79de8a7c58,
firmware/stm32/FlightController/fc_input/fc_rc.c,custom candidate; ownership unconfirmed,Unconfirmed,No explicit license notice found; do not assume project ownership,No explicit copyright/license/source notice found by text inventory; owner confirmation pending,GB18030-compatible; original legacy encoding not independently established,036785b1f3fffd0ff2734afd11d2e306b1cc9fffb5817bede7a2a53f39df81f5,
firmware/stm32/FlightController/fc_input/fc_rc.h,custom candidate; ownership unconfirmed,Unconfirmed,No explicit license notice found; do not assume project ownership,No explicit copyright/license/source notice found by text inventory; owner confirmation pending,UTF-8-compatible,0e5502ced06b79bd688ff85e20891913251945b2ba1e2ee333e5fb0b0fa8587b,
firmware/stm32/FlightController/fc_log/fc_evt.c,custom candidate; ownership unconfirmed,Unconfirmed,No explicit license notice found; do not assume project ownership,No explicit copyright/license/source notice found by text inventory; owner confirmation pending,UTF-8-compatible,7e0a4b33d6699e593fd482338013dd6a8f5d183826910113b7a64f12b6771352,
firmware/stm32/FlightController/fc_log/fc_evt.h,custom candidate; ownership unconfirmed,Unconfirmed,No explicit license notice found; do not assume project ownership,No explicit copyright/license/source notice found by text inventory; owner confirmation pending,GB18030-compatible; original legacy encoding not independently established,cb034efb2650661824a426060e2ec260e9f9502a0079efbc712370d0546108c0,
firmware/stm32/FlightController/fc_log/fc_log.c,custom candidate; ownership unconfirmed,Unconfirmed,No explicit license notice found; do not assume project ownership,No explicit copyright/license/source notice found by text inventory; owner confirmation pending,GB18030-compatible; original legacy encoding not independently established,ed991e34c3a0147eec70e961fbe788cd1a37eb717e4936311ddda4cf6e0f7d04,
firmware/stm32/FlightController/fc_log/fc_log.h,custom candidate; ownership unconfirmed,Unconfirmed,No explicit license notice found; do not assume project ownership,No explicit copyright/license/source notice found by text inventory; owner confirmation pending,UTF-8-compatible,49b96b2f0e55d3508a6597e6ac8b4d9a4a09e894c12cf9e5d0c42b3bdd63be73,
firmware/stm32/FlightController/fc_output/fc_mixer_out.c,custom candidate; ownership unconfirmed,Unconfirmed,No explicit license notice found; do not assume project ownership,No explicit copyright/license/source notice found by text inventory; owner confirmation pending,UTF-8-compatible,fa7bcb78ac6c1262de63d8bba8dfc264b8d3a8b5d9fdf096a889238b4b188bf6,
firmware/stm32/FlightController/fc_output/fc_mixer_out.h,custom candidate; ownership unconfirmed,Unconfirmed,No explicit license notice found; do not assume project ownership,No explicit copyright/license/source notice found by text inventory; owner confirmation pending,UTF-8-compatible,35c480b898b5e5358db2f10707e5049f64071b482fa569bc9dcc065485d17249,
firmware/stm32/FlightController/fc_safety/fc_air.c,custom candidate; ownership unconfirmed,Unconfirmed,No explicit license notice found; do not assume project ownership,No explicit copyright/license/source notice found by text inventory; owner confirmation pending,GB18030-compatible; original legacy encoding not independently established,9a458373d6475c12dbc849c5f1945b166cf8e9dc8795408778141f128e658029,
firmware/stm32/FlightController/fc_safety/fc_air.h,custom candidate; ownership unconfirmed,Unconfirmed,No explicit license notice found; do not assume project ownership,No explicit copyright/license/source notice found by text inventory; owner confirmation pending,UTF-8-compatible,f92c2be135e00985489cb6e21d11a0e4d122d7255697acd202bd0307a0ad818c,
firmware/stm32/FlightController/fc_safety/fc_arm.c,custom candidate; ownership unconfirmed,Unconfirmed,No explicit license notice found; do not assume project ownership,No explicit copyright/license/source notice found by text inventory; owner confirmation pending,GB18030-compatible; original legacy encoding not independently established,754de1383ded4cc29bf5d0b6c7156b2053fa9848169a609c338d1ea09bf9a9e2,
firmware/stm32/FlightController/fc_safety/fc_arm.h,custom candidate; ownership unconfirmed,Unconfirmed,No explicit license notice found; do not assume project ownership,No explicit copyright/license/source notice found by text inventory; owner confirmation pending,GB18030-compatible; original legacy encoding not independently established,87db8793dc04f2caaea7157537b96a24ff7f1cf37da7e54b69d340020497331c,
firmware/stm32/FlightController/fc_safety/fc_fs.c,custom candidate; ownership unconfirmed,Unconfirmed,No explicit license notice found; do not assume project ownership,No explicit copyright/license/source notice found by text inventory; owner confirmation pending,GB18030-compatible; original legacy encoding not independently established,f7285c390a8a4944609d6ff2300d0a979cf79e04065d73242eeaef4fd8de8ec9,
firmware/stm32/FlightController/fc_safety/fc_fs.h,custom candidate; ownership unconfirmed,Unconfirmed,No explicit license notice found; do not assume project ownership,No explicit copyright/license/source notice found by text inventory; owner confirmation pending,GB18030-compatible; original legacy encoding not independently established,cf64c571e9d2aedd0e0cf53dee83d48d84aed1dfdf3da6c93626660b740841d7,
firmware/stm32/MDK-ARM/startup_stm32f407xx.s,ST device startup assembly,STMicroelectronics,Existing ST header preserved,Copyright (c) 2017 STMicroelectronics; component root LICENSE reference and AS-IS fallback,ASCII-compatible,77b28afaa17d3bd31b983055dcffc57ba475945eb499a453876e2762dac1d6ba,
firmware/stm32/Drivers/STM32F4xx_HAL_Driver/,ST HAL third-party scope,STMicroelectronics,Component LICENSE.txt: package terms or BSD-3-Clause fallback,Directory-scope inventory row; preserve third-party notices,Not applicable (scope row),,
firmware/stm32/Drivers/CMSIS/Device/ST/STM32F4xx/,ST device support third-party scope,STMicroelectronics,Component LICENSE.txt: package terms or Apache-2.0 fallback,Directory-scope inventory row; preserve third-party notices,Not applicable (scope row),,
firmware/stm32/Drivers/CMSIS/Include/ and Core/,Arm CMSIS third-party scopes,Arm Limited,SPDX Apache-2.0 file headers; full Drivers/CMSIS/LICENSE.txt,Directory-scope inventory row; preserve third-party notices,Not applicable (scope row),,
